id,Company,TypeName,Ram,Weight,TouchScreen,Ips,Ppi,Cpu_brand,HDD,SSD,Gpu_brand,Os,CalculatedPrice
1234,HP,Notebook,4,2.1,0,0,141.21199808219862,Intel Core i3,1000.0,0,Intel,Windows,10.279308174605095
691,Lenovo,Notebook,4,1.7,0,0,157.3505121487356,Intel Core i5,0.0,256,Intel,Windows,10.61861317438845
894,MSI,Gaming,16,2.43,0,1,254.67134914246225,Intel Core i7,2000.0,512,Nvidia,Windows,11.491884617619853
766,Asus,Notebook,4,2.8,0,0,90.58340172449304,Other Intel Processor,1000.0,0,Nvidia,Windows,9.946108822302328
739,Acer,Notebook,4,2.4,0,0,100.45466986113652,Intel Core i3,500.0,0,Intel,Windows,10.09684426373276
342,HP,Notebook,8,2.1,0,1,141.21199808219862,Intel Core i3,1000.0,0,Nvidia,Windows,10.579739836891884
236,Acer,Notebook,4,2.1,0,0,100.45466986113652,Intel Core i3,1000.0,0,Intel,Others,9.778136275941545
460,Acer,Notebook,4,2.23,0,0,141.21199808219862,Intel Core i3,1000.0,0,Nvidia,Windows,10.056536197802698
401,Asus,Gaming,16,2.9,0,0,127.33567457123112,Intel Core i7,1000.0,256,Nvidia,Windows,11.387327397460366
981,Toshiba,Notebook,4,1.2,0,0,165.6321180513006,Intel Core i5,0.0,128,Intel,Windows,10.706520923256393
702,Lenovo,Notebook,8,2.2,0,0,100.45466986113652,AMD Processor,1000.0,0,AMD,Windows,10.257919184510287
568,Lenovo,Notebook,4,2.2,0,0,141.21199808219862,Other Intel Processor,500.0,0,Intel,Windows,10.00362102219259
64,HP,Notebook,8,1.86,0,0,141.21199808219862,Intel Core i5,0.0,256,Intel,Windows,10.899343440656247
43,Acer,Notebook,4,2.2,0,1,141.21199808219862,Intel Core i5,0.0,256,Intel,Windows,10.555559126828607
1093,Dell,Ultrabook,4,1.4,0,1,165.6321180513006,Intel Core i5,0.0,256,AMD,Windows,10.939576904612009
522,Dell,Notebook,8,,0,0,7532.205589775931,Intel Core i5,0.0,256,Intel,Windows,10.862968936438469
1154,Dell,Notebook,8,2.04,1,1,282.42399616439724,Intel Core i5,0.0,256,Nvidia,Windows,10.969753068726098
473,Dell,Ultrabook,8,1.42,1,0,165.6321180513006,Intel Core i5,0.0,256,Intel,Windows,11.12008127916941
626,Mediacom,Notebook,2,1.4,0,0,157.3505121487356,Other Intel Processor,0.0,0,Intel,Windows,9.529963461653736
1040,Lenovo,2 in 1 Convertible,4,1.8,1,1,141.21199808219862,Intel Core i7,0.0,256,Intel,Windows,11.040314733202557
1035,HP,Ultrabook,8,1.26,0,0,176.23257360658386,Intel Core i7,0.0,256,Intel,Windows,11.267521930113638
193,Lenovo,Notebook,8,2.8,0,0,106.11306214269258,Intel Core i5,0.0,256,Nvidia,Others,10.570697657598805
228,Asus,Notebook,8,2.69,0,0,127.33567457123112,Intel Core i5,500.0,256,Nvidia,Windows,10.752060568738715
828,Acer,Netbook,4,1.35,0,1,135.0942111925629,Other Intel Processor,0.0,0,Intel,Others,9.736419472358792
329,Dell,Notebook,32,2.06,1,0,282.42399616439724,Intel Core i7,0.0,1000,Nvidia,Windows,12.134179182506285
1063,Dell,Notebook,16,2.32,0,0,141.21199808219862,Intel Core i7,2000.0,0,AMD,Windows,11.031042071798833
390,Asus,Gaming,8,3.0,0,0,127.33567457123112,Intel Core i7,1000.0,0,Nvidia,Windows,11.005408208979315
338,Asus,Notebook,4,2.0,0,0,100.45466986113652,Other Intel Processor,1000.0,0,Intel,Others,9.667708900441175
195,HP,Notebook,8,2.5,0,1,127.33567457123112,Intel Core i5,1000.0,0,Nvidia,Windows,10.888674566011405
1137,Dell,Notebook,8,2.5,0,0,100.45466986113652,Intel Core i5,1000.0,0,AMD,Windows,10.660885615041076
361,Asus,Notebook,8,2.0,0,0,157.3505121487356,Intel Core i5,0.0,256,Intel,Windows,10.792368634668778
182,Lenovo,2 in 1 Convertible,16,1.4,1,1,316.96506044349616,Intel Core i7,0.0,512,Intel,Windows,11.61319351592413
1021,Toshiba,Ultrabook,8,1.2,0,0,165.6321180513006,Intel Core i5,0.0,256,Intel,Windows,11.157280795986496
126,HP,Notebook,8,1.63,0,0,157.3505121487356,Intel Core i5,1000.0,0,Intel,Windows,10.77920249796514
918,Dell,Gaming,16,2.6,0,0,141.21199808219862,Intel Core i7,1000.0,128,Nvidia,Windows,11.457927699230057
1271,Lenovo,Notebook,2,1.5,0,0,111.93520355955212,Other Intel Processor,0.0,0,Intel,Windows,9.96821169641788
50,Lenovo,2 in 1 Convertible,4,0.69,1,1,224.1738090785728,Other Intel Processor,0.0,0,Intel,Others,10.118377324938773
237,Asus,Notebook,4,2.2,0,0,141.21199808219862,AMD Processor,1000.0,128,AMD,Windows,10.049755456309564
1171,HP,Notebook,16,2.1,0,0,141.21199808219862,Intel Core i7,0.0,512,Intel,Windows,11.389640840105109
667,HP,Notebook,8,2.1,0,0,141.21199808219862,Intel Core i7,1000.0,0,AMD,Windows,10.80563833022667
438,Lenovo,Ultrabook,24,1.32,0,0,209.8006828649808,Intel Core i7,0.0,512,Intel,Windows,11.941589635048464
1141,MSI,Gaming,8,2.4,0,0,141.21199808219862,Intel Core i7,1000.0,128,Nvidia,Windows,11.140396709199136
218,Dell,Ultrabook,8,1.6,0,0,157.3505121487356,Intel Core i5,0.0,256,Intel,Windows,11.122769214928045
23,Dell,2 in 1 Convertible,8,1.62,1,0,165.6321180513006,Intel Core i5,0.0,256,Intel,Windows,11.086582621653989
419,Lenovo,Ultrabook,8,1.75,0,1,157.3505121487356,Intel Core i7,0.0,256,AMD,Windows,11.185518542010854
663,HP,Notebook,6,2.04,0,0,141.21199808219862,Intel Core i3,1000.0,0,AMD,Windows,10.292845593019074
293,Dell,Notebook,8,2.0,0,0,141.21199808219862,Intel Core i7,0.0,256,Nvidia,Windows,10.991109552821772
42,Asus,Notebook,8,2.3,0,0,100.45466986113652,Intel Core i5,1000.0,0,Nvidia,Others,10.433352580947501
1110,HP,Notebook,8,1.16,1,0,276.053530085501,Other Intel Processor,0.0,256,Intel,Windows,10.341733824047303
708,Lenovo,Notebook,8,1.8,0,0,157.3505121487356,Intel Core i5,0.0,256,Intel,Windows,10.809572768628975
767,Dell,Gaming,16,2.72,1,1,282.42399616439724,Intel Core i7,1000.0,128,Nvidia,Windows,11.544949426102193
848,HP,2 in 1 Convertible,8,1.28,1,0,165.6321180513006,Intel Core i5,0.0,256,Intel,Windows,11.122957125871768
80,Dell,Ultrabook,8,1.88,0,1,141.21199808219862,Intel Core i5,0.0,256,Intel,Windows,11.21247887755882
62,Lenovo,Notebook,8,1.7,0,1,157.3505121487356,Intel Core i3,0.0,256,Intel,Others,10.331710185694567
121,MSI,Gaming,16,1.8,0,0,141.21199808219862,Intel Core i7,2000.0,256,Nvidia,Windows,11.40217495498908
1047,MSI,Gaming,16,3.78,0,1,127.33567457123112,Intel Core i7,1000.0,256,Nvidia,Windows,11.61202556031096
77,Dell,Notebook,8,2.02,0,0,141.21199808219862,Intel Core i7,1000.0,128,Intel,Windows,10.851206204715174
978,HP,Notebook,6,2.04,0,0,100.45466986113652,Intel Core i7,1000.0,0,Intel,Windows,10.79210091181269
274,Toshiba,&&Notebook,8,2.2,0,0,100.45466986113652,Intel Core i7,500.0,0,Nvidia,Windows,11.176134202472461
1088,HP,Notebook,4,1.29,0,0,276.053530085501,Other Intel Processor,0.0,0,Intel,Others,9.894824649119752
750,Lenovo,Netbook,4,1.4,1,0,135.0942111925629,Other Intel Processor,0.0,128,Intel,Windows,10.055423100605664
581,Dell,Notebook,8,1.9,0,0,100.45466986113652,Intel Core i5,500.0,0,Intel,Windows,10.802898465092916
348,Asus,2 in 1 Convertible,4,1.5,1,0,135.0942111925629,Other Intel Processor,0.0,0,Intel,Windows,10.270101044793464
251,Asus,Gaming,16,4.3,0,0,127.33567457123112,Intel Core i7,1000.0,256,Nvidia,Windows,11.387327397460366
